{
  "aspect": "molecular_function",
  "n_train_ids_hp": 10000,
  "n_labeled_hp": 4476,
  "n_train_ids_final": 123969,
  "n_labeled_final": 55698,
  "n_terms_initial": 839,
  "n_terms_kept": 737,
  "fmax_emb_hp": 0.5326975650073114,
  "t_emb_hp": 0.3,
  "fmax_ipr_hp": 0.5273563275993836,
  "t_ipr_hp": 0.19,
  "fmax_ens_hp": 0.5646845446301334,
  "alpha_best": 0.6000000000000001,
  "t_best": 0.34
}