{
  "aspect": "biological_process",
  "n_train_ids_hp": 10000,
  "n_labeled_hp": 6711,
  "n_train_ids_final": 123969,
  "n_labeled_final": 83064,
  "n_terms_initial": 1487,
  "n_terms_kept": 1487,
  "fmax_emb_hp": 0.36202966619208726,
  "t_emb_hp": 0.23,
  "fmax_ipr_hp": 0.320651736477447,
  "t_ipr_hp": 0.14,
  "fmax_ens_hp": 0.37774093871410996,
  "alpha_best": 0.8,
  "t_best": 0.23
}